product_id,store_id,current_stock_level,last_updated
PROD0001,STORE01,52,2024-12-31
PROD0002,STORE01,36,2024-12-31
PROD0003,STORE01,36,2024-12-31
PROD0004,STORE01,2,2024-12-31
PROD0005,STORE01,65,2024-12-31
PROD0006,STORE01,0,2024-12-31
PROD0007,STORE01,49,2024-12-31
PROD0008,STORE01,80,2024-12-31
PROD0009,STORE01,30,2024-12-31
PROD0010,STORE01,68,2024-12-31
PROD0011,STORE01,79,2024-12-31
PROD0012,STORE01,25,2024-12-31
PROD0013,STORE01,96,2024-12-31
PROD0014,STORE01,69,2024-12-31
PROD0015,STORE01,61,2024-12-31
PROD0016,STORE01,58,2024-12-31
PROD0017,STORE01,56,2024-12-31
PROD0018,STORE01,49,2024-12-31
PROD0019,STORE01,75,2024-12-31
PROD0020,STORE01,18,2024-12-31
PROD0021,STORE01,0,2024-12-31
PROD0022,STORE01,60,2024-12-31
PROD0023,STORE01,97,2024-12-31
PROD0024,STORE01,59,2024-12-31
PROD0025,STORE01,15,2024-12-31
PROD0026,STORE01,70,2024-12-31
PROD0027,STORE01,41,2024-12-31
PROD0028,STORE01,49,2024-12-31
PROD0029,STORE01,61,2024-12-31
PROD0030,STORE01,58,2024-12-31
PROD0031,STORE01,99,2024-12-31
PROD0032,STORE01,80,2024-12-31
PROD0033,STORE01,11,2024-12-31
PROD0034,STORE01,0,2024-12-31
PROD0035,STORE01,65,2024-12-31
PROD0036,STORE01,90,2024-12-31
PROD0037,STORE01,50,2024-12-31
PROD0038,STORE01,21,2024-12-31
PROD0039,STORE01,29,2024-12-31
PROD0040,STORE01,30,2024-12-31
PROD0041,STORE01,88,2024-12-31
PROD0042,STORE01,76,2024-12-31
PROD0043,STORE01,64,2024-12-31
PROD0044,STORE01,79,2024-12-31
PROD0045,STORE01,87,2024-12-31
PROD0046,STORE01,41,2024-12-31
PROD0047,STORE01,76,2024-12-31
PROD0048,STORE01,32,2024-12-31
PROD0049,STORE01,61,2024-12-31
PROD0050,STORE01,28,2024-12-31
PROD0051,STORE01,49,2024-12-31
PROD0052,STORE01,27,2024-12-31
PROD0053,STORE01,20,2024-12-31
PROD0054,STORE01,18,2024-12-31
PROD0055,STORE01,13,2024-12-31
PROD0056,STORE01,15,2024-12-31
PROD0057,STORE01,17,2024-12-31
PROD0058,STORE01,70,2024-12-31
PROD0059,STORE01,32,2024-12-31
PROD0060,STORE01,95,2024-12-31
PROD0061,STORE01,26,2024-12-31
PROD0062,STORE01,65,2024-12-31
PROD0063,STORE01,35,2024-12-31
PROD0064,STORE01,44,2024-12-31
PROD0065,STORE01,64,2024-12-31
PROD0066,STORE01,67,2024-12-31
PROD0067,STORE01,0,2024-12-31
PROD0068,STORE01,5,2024-12-31
PROD0069,STORE01,41,2024-12-31
PROD0070,STORE01,85,2024-12-31
PROD0071,STORE01,22,2024-12-31
PROD0072,STORE01,76,2024-12-31
PROD0073,STORE01,63,2024-12-31
PROD0074,STORE01,2,2024-12-31
PROD0075,STORE01,68,2024-12-31
PROD0076,STORE01,75,2024-12-31
PROD0077,STORE01,17,2024-12-31
PROD0078,STORE01,68,2024-12-31
PROD0079,STORE01,0,2024-12-31
PROD0080,STORE01,0,2024-12-31
PROD0081,STORE01,77,2024-12-31
PROD0082,STORE01,46,2024-12-31
PROD0083,STORE01,91,2024-12-31
PROD0084,STORE01,43,2024-12-31
PROD0085,STORE01,37,2024-12-31
PROD0086,STORE01,26,2024-12-31
PROD0087,STORE01,21,2024-12-31
PROD0088,STORE01,22,2024-12-31
PROD0089,STORE01,29,2024-12-31
PROD0090,STORE01,58,2024-12-31
PROD0091,STORE01,80,2024-12-31
PROD0092,STORE01,0,2024-12-31
PROD0093,STORE01,95,2024-12-31
PROD0094,STORE01,0,2024-12-31
PROD0095,STORE01,74,2024-12-31
PROD0096,STORE01,0,2024-12-31
PROD0097,STORE01,8,2024-12-31
PROD0098,STORE01,10,2024-12-31
PROD0099,STORE01,83,2024-12-31
PROD0100,STORE01,13,2024-12-31
PROD0101,STORE01,25,2024-12-31
PROD0102,STORE01,34,2024-12-31
PROD0103,STORE01,0,2024-12-31
PROD0104,STORE01,18,2024-12-31
PROD0105,STORE01,87,2024-12-31
PROD0106,STORE01,1,2024-12-31
PROD0107,STORE01,53,2024-12-31
PROD0108,STORE01,6,2024-12-31
PROD0109,STORE01,63,2024-12-31
PROD0110,STORE01,4,2024-12-31
PROD0111,STORE01,1,2024-12-31
PROD0112,STORE01,73,2024-12-31
PROD0113,STORE01,22,2024-12-31
PROD0114,STORE01,53,2024-12-31
PROD0115,STORE01,54,2024-12-31
PROD0116,STORE01,80,2024-12-31
PROD0117,STORE01,12,2024-12-31
PROD0118,STORE01,57,2024-12-31
PROD0119,STORE01,56,2024-12-31
PROD0120,STORE01,43,2024-12-31
PROD0121,STORE01,27,2024-12-31
PROD0122,STORE01,0,2024-12-31
PROD0123,STORE01,71,2024-12-31
PROD0124,STORE01,28,2024-12-31
PROD0125,STORE01,56,2024-12-31
PROD0126,STORE01,43,2024-12-31
PROD0127,STORE01,18,2024-12-31
PROD0128,STORE01,89,2024-12-31
PROD0129,STORE01,19,2024-12-31
PROD0130,STORE01,32,2024-12-31
PROD0131,STORE01,51,2024-12-31
PROD0132,STORE01,37,2024-12-31
PROD0133,STORE01,4,2024-12-31
PROD0134,STORE01,22,2024-12-31
PROD0135,STORE01,0,2024-12-31
PROD0136,STORE01,40,2024-12-31
PROD0137,STORE01,75,2024-12-31
PROD0138,STORE01,47,2024-12-31
PROD0139,STORE01,63,2024-12-31
PROD0140,STORE01,9,2024-12-31
PROD0141,STORE01,77,2024-12-31
PROD0142,STORE01,99,2024-12-31
PROD0143,STORE01,47,2024-12-31
PROD0144,STORE01,74,2024-12-31
PROD0145,STORE01,35,2024-12-31
PROD0146,STORE01,63,2024-12-31
PROD0147,STORE01,48,2024-12-31
PROD0148,STORE01,8,2024-12-31
PROD0149,STORE01,17,2024-12-31
PROD0150,STORE01,8,2024-12-31
PROD0151,STORE01,9,2024-12-31
PROD0152,STORE01,19,2024-12-31
PROD0153,STORE01,0,2024-12-31
PROD0154,STORE01,7,2024-12-31
PROD0155,STORE01,63,2024-12-31
PROD0156,STORE01,18,2024-12-31
PROD0157,STORE01,5,2024-12-31
PROD0158,STORE01,44,2024-12-31
PROD0159,STORE01,28,2024-12-31
PROD0160,STORE01,75,2024-12-31
PROD0161,STORE01,30,2024-12-31
PROD0162,STORE01,35,2024-12-31
PROD0163,STORE01,93,2024-12-31
PROD0164,STORE01,12,2024-12-31
PROD0165,STORE01,42,2024-12-31
PROD0166,STORE01,0,2024-12-31
PROD0167,STORE01,16,2024-12-31
PROD0168,STORE01,0,2024-12-31
PROD0169,STORE01,23,2024-12-31
PROD0170,STORE01,31,2024-12-31
PROD0171,STORE01,59,2024-12-31
PROD0172,STORE01,67,2024-12-31
PROD0173,STORE01,23,2024-12-31
PROD0174,STORE01,13,2024-12-31
PROD0175,STORE01,24,2024-12-31
PROD0176,STORE01,98,2024-12-31
PROD0177,STORE01,15,2024-12-31
PROD0178,STORE01,95,2024-12-31
PROD0179,STORE01,93,2024-12-31
PROD0180,STORE01,28,2024-12-31
PROD0181,STORE01,23,2024-12-31
PROD0182,STORE01,36,2024-12-31
PROD0183,STORE01,58,2024-12-31
PROD0184,STORE01,25,2024-12-31
PROD0185,STORE01,3,2024-12-31
PROD0186,STORE01,78,2024-12-31
PROD0187,STORE01,27,2024-12-31
PROD0188,STORE01,60,2024-12-31
PROD0189,STORE01,49,2024-12-31
PROD0190,STORE01,56,2024-12-31
PROD0191,STORE01,86,2024-12-31
PROD0192,STORE01,45,2024-12-31
PROD0193,STORE01,99,2024-12-31
PROD0194,STORE01,55,2024-12-31
PROD0195,STORE01,52,2024-12-31
PROD0196,STORE01,8,2024-12-31
PROD0197,STORE01,84,2024-12-31
PROD0198,STORE01,20,2024-12-31
PROD0199,STORE01,98,2024-12-31
PROD0200,STORE01,85,2024-12-31
PROD0001,STORE02,3,2024-12-31
PROD0002,STORE02,0,2024-12-31
PROD0003,STORE02,38,2024-12-31
PROD0004,STORE02,66,2024-12-31
PROD0005,STORE02,18,2024-12-31
PROD0006,STORE02,45,2024-12-31
PROD0007,STORE02,46,2024-12-31
PROD0008,STORE02,25,2024-12-31
PROD0009,STORE02,39,2024-12-31
PROD0010,STORE02,53,2024-12-31
PROD0011,STORE02,79,2024-12-31
PROD0012,STORE02,81,2024-12-31
PROD0013,STORE02,9,2024-12-31
PROD0014,STORE02,73,2024-12-31
PROD0015,STORE02,31,2024-12-31
PROD0016,STORE02,91,2024-12-31
PROD0017,STORE02,11,2024-12-31
PROD0018,STORE02,92,2024-12-31
PROD0019,STORE02,0,2024-12-31
PROD0020,STORE02,0,2024-12-31
PROD0021,STORE02,28,2024-12-31
PROD0022,STORE02,0,2024-12-31
PROD0023,STORE02,64,2024-12-31
PROD0024,STORE02,91,2024-12-31
PROD0025,STORE02,4,2024-12-31
PROD0026,STORE02,33,2024-12-31
PROD0027,STORE02,93,2024-12-31
PROD0028,STORE02,68,2024-12-31
PROD0029,STORE02,22,2024-12-31
PROD0030,STORE02,32,2024-12-31
PROD0031,STORE02,17,2024-12-31
PROD0032,STORE02,29,2024-12-31
PROD0033,STORE02,0,2024-12-31
PROD0034,STORE02,58,2024-12-31
PROD0035,STORE02,87,2024-12-31
PROD0036,STORE02,8,2024-12-31
PROD0037,STORE02,31,2024-12-31
PROD0038,STORE02,36,2024-12-31
PROD0039,STORE02,27,2024-12-31
PROD0040,STORE02,13,2024-12-31
PROD0041,STORE02,56,2024-12-31
PROD0042,STORE02,26,2024-12-31
PROD0043,STORE02,11,2024-12-31
PROD0044,STORE02,3,2024-12-31
PROD0045,STORE02,30,2024-12-31
PROD0046,STORE02,0,2024-12-31
PROD0047,STORE02,60,2024-12-31
PROD0048,STORE02,71,2024-12-31
PROD0049,STORE02,97,2024-12-31
PROD0050,STORE02,42,2024-12-31
PROD0051,STORE02,54,2024-12-31
PROD0052,STORE02,0,2024-12-31
PROD0053,STORE02,66,2024-12-31
PROD0054,STORE02,57,2024-12-31
PROD0055,STORE02,21,2024-12-31
PROD0056,STORE02,1,2024-12-31
PROD0057,STORE02,0,2024-12-31
PROD0058,STORE02,91,2024-12-31
PROD0059,STORE02,12,2024-12-31
PROD0060,STORE02,62,2024-12-31
PROD0061,STORE02,90,2024-12-31
PROD0062,STORE02,34,2024-12-31
PROD0063,STORE02,28,2024-12-31
PROD0064,STORE02,94,2024-12-31
PROD0065,STORE02,81,2024-12-31
PROD0066,STORE02,95,2024-12-31
PROD0067,STORE02,33,2024-12-31
PROD0068,STORE02,62,2024-12-31
PROD0069,STORE02,19,2024-12-31
PROD0070,STORE02,0,2024-12-31
PROD0071,STORE02,45,2024-12-31
PROD0072,STORE02,89,2024-12-31
PROD0073,STORE02,66,2024-12-31
PROD0074,STORE02,48,2024-12-31
PROD0075,STORE02,42,2024-12-31
PROD0076,STORE02,79,2024-12-31
PROD0077,STORE02,78,2024-12-31
PROD0078,STORE02,100,2024-12-31
PROD0079,STORE02,42,2024-12-31
PROD0080,STORE02,35,2024-12-31
PROD0081,STORE02,17,2024-12-31
PROD0082,STORE02,53,2024-12-31
PROD0083,STORE02,55,2024-12-31
PROD0084,STORE02,25,2024-12-31
PROD0085,STORE02,52,2024-12-31
PROD0086,STORE02,25,2024-12-31
PROD0087,STORE02,77,2024-12-31
PROD0088,STORE02,80,2024-12-31
PROD0089,STORE02,48,2024-12-31
PROD0090,STORE02,20,2024-12-31
PROD0091,STORE02,87,2024-12-31
PROD0092,STORE02,0,2024-12-31
PROD0093,STORE02,0,2024-12-31
PROD0094,STORE02,71,2024-12-31
PROD0095,STORE02,39,2024-12-31
PROD0096,STORE02,55,2024-12-31
PROD0097,STORE02,12,2024-12-31
PROD0098,STORE02,55,2024-12-31
PROD0099,STORE02,63,2024-12-31
PROD0100,STORE02,43,2024-12-31
PROD0101,STORE02,6,2024-12-31
PROD0102,STORE02,26,2024-12-31
PROD0103,STORE02,9,2024-12-31
PROD0104,STORE02,66,2024-12-31
PROD0105,STORE02,47,2024-12-31
PROD0106,STORE02,11,2024-12-31
PROD0107,STORE02,39,2024-12-31
PROD0108,STORE02,27,2024-12-31
PROD0109,STORE02,69,2024-12-31
PROD0110,STORE02,84,2024-12-31
PROD0111,STORE02,34,2024-12-31
PROD0112,STORE02,69,2024-12-31
PROD0113,STORE02,41,2024-12-31
PROD0114,STORE02,0,2024-12-31
PROD0115,STORE02,45,2024-12-31
PROD0116,STORE02,56,2024-12-31
PROD0117,STORE02,80,2024-12-31
PROD0118,STORE02,91,2024-12-31
PROD0119,STORE02,41,2024-12-31
PROD0120,STORE02,34,2024-12-31
PROD0121,STORE02,42,2024-12-31
PROD0122,STORE02,97,2024-12-31
PROD0123,STORE02,97,2024-12-31
PROD0124,STORE02,0,2024-12-31
PROD0125,STORE02,82,2024-12-31
PROD0126,STORE02,75,2024-12-31
PROD0127,STORE02,63,2024-12-31
PROD0128,STORE02,27,2024-12-31
PROD0129,STORE02,0,2024-12-31
PROD0130,STORE02,18,2024-12-31
PROD0131,STORE02,47,2024-12-31
PROD0132,STORE02,79,2024-12-31
PROD0133,STORE02,82,2024-12-31
PROD0134,STORE02,24,2024-12-31
PROD0135,STORE02,89,2024-12-31
PROD0136,STORE02,11,2024-12-31
PROD0137,STORE02,82,2024-12-31
PROD0138,STORE02,93,2024-12-31
PROD0139,STORE02,8,2024-12-31
PROD0140,STORE02,31,2024-12-31
PROD0141,STORE02,15,2024-12-31
PROD0142,STORE02,0,2024-12-31
PROD0143,STORE02,11,2024-12-31
PROD0144,STORE02,16,2024-12-31
PROD0145,STORE02,63,2024-12-31
PROD0146,STORE02,38,2024-12-31
PROD0147,STORE02,5,2024-12-31
PROD0148,STORE02,88,2024-12-31
PROD0149,STORE02,76,2024-12-31
PROD0150,STORE02,88,2024-12-31
PROD0151,STORE02,65,2024-12-31
PROD0152,STORE02,78,2024-12-31
PROD0153,STORE02,32,2024-12-31
PROD0154,STORE02,56,2024-12-31
PROD0155,STORE02,48,2024-12-31
PROD0156,STORE02,24,2024-12-31
PROD0157,STORE02,69,2024-12-31
PROD0158,STORE02,85,2024-12-31
PROD0159,STORE02,4,2024-12-31
PROD0160,STORE02,19,2024-12-31
PROD0161,STORE02,75,2024-12-31
PROD0162,STORE02,45,2024-12-31
PROD0163,STORE02,22,2024-12-31
PROD0164,STORE02,0,2024-12-31
PROD0165,STORE02,82,2024-12-31
PROD0166,STORE02,25,2024-12-31
PROD0167,STORE02,87,2024-12-31
PROD0168,STORE02,37,2024-12-31
PROD0169,STORE02,86,2024-12-31
PROD0170,STORE02,19,2024-12-31
PROD0171,STORE02,9,2024-12-31
PROD0172,STORE02,71,2024-12-31
PROD0173,STORE02,98,2024-12-31
PROD0174,STORE02,21,2024-12-31
PROD0175,STORE02,43,2024-12-31
PROD0176,STORE02,81,2024-12-31
PROD0177,STORE02,10,2024-12-31
PROD0178,STORE02,26,2024-12-31
PROD0179,STORE02,88,2024-12-31
PROD0180,STORE02,3,2024-12-31
PROD0181,STORE02,54,2024-12-31
PROD0182,STORE02,73,2024-12-31
PROD0183,STORE02,27,2024-12-31
PROD0184,STORE02,77,2024-12-31
PROD0185,STORE02,0,2024-12-31
PROD0186,STORE02,0,2024-12-31
PROD0187,STORE02,0,2024-12-31
PROD0188,STORE02,68,2024-12-31
PROD0189,STORE02,48,2024-12-31
PROD0190,STORE02,37,2024-12-31
PROD0191,STORE02,40,2024-12-31
PROD0192,STORE02,11,2024-12-31
PROD0193,STORE02,68,2024-12-31
PROD0194,STORE02,0,2024-12-31
PROD0195,STORE02,73,2024-12-31
PROD0196,STORE02,82,2024-12-31
PROD0197,STORE02,5,2024-12-31
PROD0198,STORE02,12,2024-12-31
PROD0199,STORE02,0,2024-12-31
PROD0200,STORE02,85,2024-12-31
PROD0001,STORE03,50,2024-12-31
PROD0002,STORE03,4,2024-12-31
PROD0003,STORE03,88,2024-12-31
PROD0004,STORE03,48,2024-12-31
PROD0005,STORE03,58,2024-12-31
PROD0006,STORE03,0,2024-12-31
PROD0007,STORE03,11,2024-12-31
PROD0008,STORE03,69,2024-12-31
PROD0009,STORE03,99,2024-12-31
PROD0010,STORE03,62,2024-12-31
PROD0011,STORE03,3,2024-12-31
PROD0012,STORE03,10,2024-12-31
PROD0013,STORE03,83,2024-12-31
PROD0014,STORE03,75,2024-12-31
PROD0015,STORE03,65,2024-12-31
PROD0016,STORE03,57,2024-12-31
PROD0017,STORE03,70,2024-12-31
PROD0018,STORE03,47,2024-12-31
PROD0019,STORE03,65,2024-12-31
PROD0020,STORE03,95,2024-12-31
PROD0021,STORE03,93,2024-12-31
PROD0022,STORE03,78,2024-12-31
PROD0023,STORE03,0,2024-12-31
PROD0024,STORE03,42,2024-12-31
PROD0025,STORE03,75,2024-12-31
PROD0026,STORE03,28,2024-12-31
PROD0027,STORE03,66,2024-12-31
PROD0028,STORE03,13,2024-12-31
PROD0029,STORE03,15,2024-12-31
PROD0030,STORE03,32,2024-12-31
PROD0031,STORE03,85,2024-12-31
PROD0032,STORE03,78,2024-12-31
PROD0033,STORE03,42,2024-12-31
PROD0034,STORE03,48,2024-12-31
PROD0035,STORE03,56,2024-12-31
PROD0036,STORE03,28,2024-12-31
PROD0037,STORE03,0,2024-12-31
PROD0038,STORE03,1,2024-12-31
PROD0039,STORE03,31,2024-12-31
PROD0040,STORE03,5,2024-12-31
PROD0041,STORE03,37,2024-12-31
PROD0042,STORE03,67,2024-12-31
PROD0043,STORE03,98,2024-12-31
PROD0044,STORE03,20,2024-12-31
PROD0045,STORE03,98,2024-12-31
PROD0046,STORE03,95,2024-12-31
PROD0047,STORE03,0,2024-12-31
PROD0048,STORE03,37,2024-12-31
PROD0049,STORE03,62,2024-12-31
PROD0050,STORE03,53,2024-12-31
PROD0051,STORE03,72,2024-12-31
PROD0052,STORE03,76,2024-12-31
PROD0053,STORE03,23,2024-12-31
PROD0054,STORE03,95,2024-12-31
PROD0055,STORE03,74,2024-12-31
PROD0056,STORE03,15,2024-12-31
PROD0057,STORE03,68,2024-12-31
PROD0058,STORE03,0,2024-12-31
PROD0059,STORE03,58,2024-12-31
PROD0060,STORE03,45,2024-12-31
PROD0061,STORE03,25,2024-12-31
PROD0062,STORE03,12,2024-12-31
PROD0063,STORE03,95,2024-12-31
PROD0064,STORE03,46,2024-12-31
PROD0065,STORE03,13,2024-12-31
PROD0066,STORE03,80,2024-12-31
PROD0067,STORE03,69,2024-12-31
PROD0068,STORE03,7,2024-12-31
PROD0069,STORE03,8,2024-12-31
PROD0070,STORE03,58,2024-12-31
PROD0071,STORE03,93,2024-12-31
PROD0072,STORE03,88,2024-12-31
PROD0073,STORE03,11,2024-12-31
PROD0074,STORE03,30,2024-12-31
PROD0075,STORE03,0,2024-12-31
PROD0076,STORE03,84,2024-12-31
PROD0077,STORE03,71,2024-12-31
PROD0078,STORE03,99,2024-12-31
PROD0079,STORE03,52,2024-12-31
PROD0080,STORE03,40,2024-12-31
PROD0081,STORE03,79,2024-12-31
PROD0082,STORE03,38,2024-12-31
PROD0083,STORE03,60,2024-12-31
PROD0084,STORE03,36,2024-12-31
PROD0085,STORE03,100,2024-12-31
PROD0086,STORE03,23,2024-12-31
PROD0087,STORE03,25,2024-12-31
PROD0088,STORE03,40,2024-12-31
PROD0089,STORE03,69,2024-12-31
PROD0090,STORE03,99,2024-12-31
PROD0091,STORE03,44,2024-12-31
PROD0092,STORE03,49,2024-12-31
PROD0093,STORE03,85,2024-12-31
PROD0094,STORE03,95,2024-12-31
PROD0095,STORE03,72,2024-12-31
PROD0096,STORE03,44,2024-12-31
PROD0097,STORE03,75,2024-12-31
PROD0098,STORE03,89,2024-12-31
PROD0099,STORE03,95,2024-12-31
PROD0100,STORE03,37,2024-12-31
PROD0101,STORE03,64,2024-12-31
PROD0102,STORE03,97,2024-12-31
PROD0103,STORE03,41,2024-12-31
PROD0104,STORE03,76,2024-12-31
PROD0105,STORE03,30,2024-12-31
PROD0106,STORE03,89,2024-12-31
PROD0107,STORE03,0,2024-12-31
PROD0108,STORE03,17,2024-12-31
PROD0109,STORE03,68,2024-12-31
PROD0110,STORE03,14,2024-12-31
PROD0111,STORE03,89,2024-12-31
PROD0112,STORE03,59,2024-12-31
PROD0113,STORE03,31,2024-12-31
PROD0114,STORE03,58,2024-12-31
PROD0115,STORE03,35,2024-12-31
PROD0116,STORE03,46,2024-12-31
PROD0117,STORE03,0,2024-12-31
PROD0118,STORE03,0,2024-12-31
PROD0119,STORE03,63,2024-12-31
PROD0120,STORE03,8,2024-12-31
PROD0121,STORE03,24,2024-12-31
PROD0122,STORE03,14,2024-12-31
PROD0123,STORE03,82,2024-12-31
PROD0124,STORE03,7,2024-12-31
PROD0125,STORE03,48,2024-12-31
PROD0126,STORE03,10,2024-12-31
PROD0127,STORE03,0,2024-12-31
PROD0128,STORE03,6,2024-12-31
PROD0129,STORE03,54,2024-12-31
PROD0130,STORE03,57,2024-12-31
PROD0131,STORE03,94,2024-12-31
PROD0132,STORE03,60,2024-12-31
PROD0133,STORE03,55,2024-12-31
PROD0134,STORE03,70,2024-12-31
PROD0135,STORE03,56,2024-12-31
PROD0136,STORE03,87,2024-12-31
PROD0137,STORE03,44,2024-12-31
PROD0138,STORE03,0,2024-12-31
PROD0139,STORE03,84,2024-12-31
PROD0140,STORE03,70,2024-12-31
PROD0141,STORE03,79,2024-12-31
PROD0142,STORE03,51,2024-12-31
PROD0143,STORE03,55,2024-12-31
PROD0144,STORE03,0,2024-12-31
PROD0145,STORE03,26,2024-12-31
PROD0146,STORE03,0,2024-12-31
PROD0147,STORE03,88,2024-12-31
PROD0148,STORE03,0,2024-12-31
PROD0149,STORE03,94,2024-12-31
PROD0150,STORE03,41,2024-12-31
PROD0151,STORE03,81,2024-12-31
PROD0152,STORE03,93,2024-12-31
PROD0153,STORE03,60,2024-12-31
PROD0154,STORE03,9,2024-12-31
PROD0155,STORE03,73,2024-12-31
PROD0156,STORE03,24,2024-12-31
PROD0157,STORE03,2,2024-12-31
PROD0158,STORE03,27,2024-12-31
PROD0159,STORE03,62,2024-12-31
PROD0160,STORE03,64,2024-12-31
PROD0161,STORE03,44,2024-12-31
PROD0162,STORE03,11,2024-12-31
PROD0163,STORE03,2,2024-12-31
PROD0164,STORE03,85,2024-12-31
PROD0165,STORE03,49,2024-12-31
PROD0166,STORE03,66,2024-12-31
PROD0167,STORE03,39,2024-12-31
PROD0168,STORE03,74,2024-12-31
PROD0169,STORE03,49,2024-12-31
PROD0170,STORE03,83,2024-12-31
PROD0171,STORE03,57,2024-12-31
PROD0172,STORE03,87,2024-12-31
PROD0173,STORE03,14,2024-12-31
PROD0174,STORE03,78,2024-12-31
PROD0175,STORE03,0,2024-12-31
PROD0176,STORE03,37,2024-12-31
PROD0177,STORE03,18,2024-12-31
PROD0178,STORE03,86,2024-12-31
PROD0179,STORE03,75,2024-12-31
PROD0180,STORE03,49,2024-12-31
PROD0181,STORE03,44,2024-12-31
PROD0182,STORE03,94,2024-12-31
PROD0183,STORE03,25,2024-12-31
PROD0184,STORE03,55,2024-12-31
PROD0185,STORE03,8,2024-12-31
PROD0186,STORE03,57,2024-12-31
PROD0187,STORE03,84,2024-12-31
PROD0188,STORE03,18,2024-12-31
PROD0189,STORE03,10,2024-12-31
PROD0190,STORE03,41,2024-12-31
PROD0191,STORE03,34,2024-12-31
PROD0192,STORE03,37,2024-12-31
PROD0193,STORE03,67,2024-12-31
PROD0194,STORE03,99,2024-12-31
PROD0195,STORE03,57,2024-12-31
PROD0196,STORE03,24,2024-12-31
PROD0197,STORE03,60,2024-12-31
PROD0198,STORE03,91,2024-12-31
PROD0199,STORE03,83,2024-12-31
PROD0200,STORE03,69,2024-12-31
PROD0001,STORE04,19,2024-12-31
PROD0002,STORE04,0,2024-12-31
PROD0003,STORE04,54,2024-12-31
PROD0004,STORE04,91,2024-12-31
PROD0005,STORE04,14,2024-12-31
PROD0006,STORE04,55,2024-12-31
PROD0007,STORE04,4,2024-12-31
PROD0008,STORE04,49,2024-12-31
PROD0009,STORE04,7,2024-12-31
PROD0010,STORE04,88,2024-12-31
PROD0011,STORE04,20,2024-12-31
PROD0012,STORE04,94,2024-12-31
PROD0013,STORE04,23,2024-12-31
PROD0014,STORE04,12,2024-12-31
PROD0015,STORE04,5,2024-12-31
PROD0016,STORE04,100,2024-12-31
PROD0017,STORE04,26,2024-12-31
PROD0018,STORE04,40,2024-12-31
PROD0019,STORE04,48,2024-12-31
PROD0020,STORE04,74,2024-12-31
PROD0021,STORE04,52,2024-12-31
PROD0022,STORE04,3,2024-12-31
PROD0023,STORE04,74,2024-12-31
PROD0024,STORE04,0,2024-12-31
PROD0025,STORE04,42,2024-12-31
PROD0026,STORE04,53,2024-12-31
PROD0027,STORE04,30,2024-12-31
PROD0028,STORE04,3,2024-12-31
PROD0029,STORE04,30,2024-12-31
PROD0030,STORE04,88,2024-12-31
PROD0031,STORE04,0,2024-12-31
PROD0032,STORE04,0,2024-12-31
PROD0033,STORE04,20,2024-12-31
PROD0034,STORE04,67,2024-12-31
PROD0035,STORE04,41,2024-12-31
PROD0036,STORE04,24,2024-12-31
PROD0037,STORE04,0,2024-12-31
PROD0038,STORE04,91,2024-12-31
PROD0039,STORE04,30,2024-12-31
PROD0040,STORE04,42,2024-12-31
PROD0041,STORE04,30,2024-12-31
PROD0042,STORE04,35,2024-12-31
PROD0043,STORE04,18,2024-12-31
PROD0044,STORE04,0,2024-12-31
PROD0045,STORE04,76,2024-12-31
PROD0046,STORE04,0,2024-12-31
PROD0047,STORE04,76,2024-12-31
PROD0048,STORE04,90,2024-12-31
PROD0049,STORE04,0,2024-12-31
PROD0050,STORE04,49,2024-12-31
PROD0051,STORE04,50,2024-12-31
PROD0052,STORE04,0,2024-12-31
PROD0053,STORE04,0,2024-12-31
PROD0054,STORE04,29,2024-12-31
PROD0055,STORE04,33,2024-12-31
PROD0056,STORE04,33,2024-12-31
PROD0057,STORE04,0,2024-12-31
PROD0058,STORE04,67,2024-12-31
PROD0059,STORE04,0,2024-12-31
PROD0060,STORE04,56,2024-12-31
PROD0061,STORE04,77,2024-12-31
PROD0062,STORE04,0,2024-12-31
PROD0063,STORE04,9,2024-12-31
PROD0064,STORE04,82,2024-12-31
PROD0065,STORE04,53,2024-12-31
PROD0066,STORE04,81,2024-12-31
PROD0067,STORE04,68,2024-12-31
PROD0068,STORE04,74,2024-12-31
PROD0069,STORE04,33,2024-12-31
PROD0070,STORE04,72,2024-12-31
PROD0071,STORE04,18,2024-12-31
PROD0072,STORE04,26,2024-12-31
PROD0073,STORE04,64,2024-12-31
PROD0074,STORE04,72,2024-12-31
PROD0075,STORE04,3,2024-12-31
PROD0076,STORE04,37,2024-12-31
PROD0077,STORE04,35,2024-12-31
PROD0078,STORE04,0,2024-12-31
PROD0079,STORE04,7,2024-12-31
PROD0080,STORE04,37,2024-12-31
PROD0081,STORE04,45,2024-12-31
PROD0082,STORE04,53,2024-12-31
PROD0083,STORE04,15,2024-12-31
PROD0084,STORE04,23,2024-12-31
PROD0085,STORE04,84,2024-12-31
PROD0086,STORE04,52,2024-12-31
PROD0087,STORE04,92,2024-12-31
PROD0088,STORE04,74,2024-12-31
PROD0089,STORE04,78,2024-12-31
PROD0090,STORE04,13,2024-12-31
PROD0091,STORE04,77,2024-12-31
PROD0092,STORE04,88,2024-12-31
PROD0093,STORE04,31,2024-12-31
PROD0094,STORE04,0,2024-12-31
PROD0095,STORE04,13,2024-12-31
PROD0096,STORE04,49,2024-12-31
PROD0097,STORE04,59,2024-12-31
PROD0098,STORE04,1,2024-12-31
PROD0099,STORE04,0,2024-12-31
PROD0100,STORE04,95,2024-12-31
PROD0101,STORE04,49,2024-12-31
PROD0102,STORE04,26,2024-12-31
PROD0103,STORE04,52,2024-12-31
PROD0104,STORE04,0,2024-12-31
PROD0105,STORE04,9,2024-12-31
PROD0106,STORE04,79,2024-12-31
PROD0107,STORE04,6,2024-12-31
PROD0108,STORE04,20,2024-12-31
PROD0109,STORE04,38,2024-12-31
PROD0110,STORE04,27,2024-12-31
PROD0111,STORE04,20,2024-12-31
PROD0112,STORE04,80,2024-12-31
PROD0113,STORE04,68,2024-12-31
PROD0114,STORE04,38,2024-12-31
PROD0115,STORE04,29,2024-12-31
PROD0116,STORE04,99,2024-12-31
PROD0117,STORE04,62,2024-12-31
PROD0118,STORE04,15,2024-12-31
PROD0119,STORE04,6,2024-12-31
PROD0120,STORE04,77,2024-12-31
PROD0121,STORE04,94,2024-12-31
PROD0122,STORE04,0,2024-12-31
PROD0123,STORE04,0,2024-12-31
PROD0124,STORE04,12,2024-12-31
PROD0125,STORE04,38,2024-12-31
PROD0126,STORE04,0,2024-12-31
PROD0127,STORE04,66,2024-12-31
PROD0128,STORE04,42,2024-12-31
PROD0129,STORE04,50,2024-12-31
PROD0130,STORE04,80,2024-12-31
PROD0131,STORE04,60,2024-12-31
PROD0132,STORE04,34,2024-12-31
PROD0133,STORE04,37,2024-12-31
PROD0134,STORE04,46,2024-12-31
PROD0135,STORE04,0,2024-12-31
PROD0136,STORE04,3,2024-12-31
PROD0137,STORE04,0,2024-12-31
PROD0138,STORE04,26,2024-12-31
PROD0139,STORE04,8,2024-12-31
PROD0140,STORE04,95,2024-12-31
PROD0141,STORE04,31,2024-12-31
PROD0142,STORE04,100,2024-12-31
PROD0143,STORE04,66,2024-12-31
PROD0144,STORE04,25,2024-12-31
PROD0145,STORE04,80,2024-12-31
PROD0146,STORE04,41,2024-12-31
PROD0147,STORE04,42,2024-12-31
PROD0148,STORE04,80,2024-12-31
PROD0149,STORE04,92,2024-12-31
PROD0150,STORE04,93,2024-12-31
PROD0151,STORE04,89,2024-12-31
PROD0152,STORE04,91,2024-12-31
PROD0153,STORE04,83,2024-12-31
PROD0154,STORE04,54,2024-12-31
PROD0155,STORE04,0,2024-12-31
PROD0156,STORE04,24,2024-12-31
PROD0157,STORE04,89,2024-12-31
PROD0158,STORE04,74,2024-12-31
PROD0159,STORE04,76,2024-12-31
PROD0160,STORE04,87,2024-12-31
PROD0161,STORE04,62,2024-12-31
PROD0162,STORE04,99,2024-12-31
PROD0163,STORE04,52,2024-12-31
PROD0164,STORE04,0,2024-12-31
PROD0165,STORE04,12,2024-12-31
PROD0166,STORE04,92,2024-12-31
PROD0167,STORE04,62,2024-12-31
PROD0168,STORE04,20,2024-12-31
PROD0169,STORE04,22,2024-12-31
PROD0170,STORE04,20,2024-12-31
PROD0171,STORE04,39,2024-12-31
PROD0172,STORE04,92,2024-12-31
PROD0173,STORE04,0,2024-12-31
PROD0174,STORE04,0,2024-12-31
PROD0175,STORE04,23,2024-12-31
PROD0176,STORE04,69,2024-12-31
PROD0177,STORE04,87,2024-12-31
PROD0178,STORE04,39,2024-12-31
PROD0179,STORE04,79,2024-12-31
PROD0180,STORE04,6,2024-12-31
PROD0181,STORE04,0,2024-12-31
PROD0182,STORE04,96,2024-12-31
PROD0183,STORE04,27,2024-12-31
PROD0184,STORE04,27,2024-12-31
PROD0185,STORE04,49,2024-12-31
PROD0186,STORE04,88,2024-12-31
PROD0187,STORE04,62,2024-12-31
PROD0188,STORE04,0,2024-12-31
PROD0189,STORE04,55,2024-12-31
PROD0190,STORE04,83,2024-12-31
PROD0191,STORE04,47,2024-12-31
PROD0192,STORE04,98,2024-12-31
PROD0193,STORE04,88,2024-12-31
PROD0194,STORE04,67,2024-12-31
PROD0195,STORE04,82,2024-12-31
PROD0196,STORE04,80,2024-12-31
PROD0197,STORE04,73,2024-12-31
PROD0198,STORE04,95,2024-12-31
PROD0199,STORE04,81,2024-12-31
PROD0200,STORE04,57,2024-12-31
PROD0001,STORE05,74,2024-12-31
PROD0002,STORE05,31,2024-12-31
PROD0003,STORE05,69,2024-12-31
PROD0004,STORE05,94,2024-12-31
PROD0005,STORE05,67,2024-12-31
PROD0006,STORE05,40,2024-12-31
PROD0007,STORE05,31,2024-12-31
PROD0008,STORE05,0,2024-12-31
PROD0009,STORE05,0,2024-12-31
PROD0010,STORE05,46,2024-12-31
PROD0011,STORE05,78,2024-12-31
PROD0012,STORE05,89,2024-12-31
PROD0013,STORE05,0,2024-12-31
PROD0014,STORE05,0,2024-12-31
PROD0015,STORE05,0,2024-12-31
PROD0016,STORE05,86,2024-12-31
PROD0017,STORE05,54,2024-12-31
PROD0018,STORE05,3,2024-12-31
PROD0019,STORE05,15,2024-12-31
PROD0020,STORE05,63,2024-12-31
PROD0021,STORE05,63,2024-12-31
PROD0022,STORE05,12,2024-12-31
PROD0023,STORE05,34,2024-12-31
PROD0024,STORE05,38,2024-12-31
PROD0025,STORE05,19,2024-12-31
PROD0026,STORE05,6,2024-12-31
PROD0027,STORE05,67,2024-12-31
PROD0028,STORE05,31,2024-12-31
PROD0029,STORE05,76,2024-12-31
PROD0030,STORE05,53,2024-12-31
PROD0031,STORE05,63,2024-12-31
PROD0032,STORE05,59,2024-12-31
PROD0033,STORE05,86,2024-12-31
PROD0034,STORE05,8,2024-12-31
PROD0035,STORE05,0,2024-12-31
PROD0036,STORE05,0,2024-12-31
PROD0037,STORE05,57,2024-12-31
PROD0038,STORE05,59,2024-12-31
PROD0039,STORE05,3,2024-12-31
PROD0040,STORE05,74,2024-12-31
PROD0041,STORE05,55,2024-12-31
PROD0042,STORE05,100,2024-12-31
PROD0043,STORE05,86,2024-12-31
PROD0044,STORE05,9,2024-12-31
PROD0045,STORE05,46,2024-12-31
PROD0046,STORE05,77,2024-12-31
PROD0047,STORE05,16,2024-12-31
PROD0048,STORE05,47,2024-12-31
PROD0049,STORE05,70,2024-12-31
PROD0050,STORE05,11,2024-12-31
PROD0051,STORE05,76,2024-12-31
PROD0052,STORE05,68,2024-12-31
PROD0053,STORE05,53,2024-12-31
PROD0054,STORE05,67,2024-12-31
PROD0055,STORE05,0,2024-12-31
PROD0056,STORE05,53,2024-12-31
PROD0057,STORE05,84,2024-12-31
PROD0058,STORE05,17,2024-12-31
PROD0059,STORE05,59,2024-12-31
PROD0060,STORE05,2,2024-12-31
PROD0061,STORE05,12,2024-12-31
PROD0062,STORE05,65,2024-12-31
PROD0063,STORE05,82,2024-12-31
PROD0064,STORE05,39,2024-12-31
PROD0065,STORE05,27,2024-12-31
PROD0066,STORE05,26,2024-12-31
PROD0067,STORE05,15,2024-12-31
PROD0068,STORE05,33,2024-12-31
PROD0069,STORE05,11,2024-12-31
PROD0070,STORE05,0,2024-12-31
PROD0071,STORE05,64,2024-12-31
PROD0072,STORE05,32,2024-12-31
PROD0073,STORE05,53,2024-12-31
PROD0074,STORE05,0,2024-12-31
PROD0075,STORE05,38,2024-12-31
PROD0076,STORE05,74,2024-12-31
PROD0077,STORE05,17,2024-12-31
PROD0078,STORE05,0,2024-12-31
PROD0079,STORE05,53,2024-12-31
PROD0080,STORE05,72,2024-12-31
PROD0081,STORE05,8,2024-12-31
PROD0082,STORE05,27,2024-12-31
PROD0083,STORE05,45,2024-12-31
PROD0084,STORE05,19,2024-12-31
PROD0085,STORE05,93,2024-12-31
PROD0086,STORE05,13,2024-12-31
PROD0087,STORE05,98,2024-12-31
PROD0088,STORE05,20,2024-12-31
PROD0089,STORE05,63,2024-12-31
PROD0090,STORE05,88,2024-12-31
PROD0091,STORE05,68,2024-12-31
PROD0092,STORE05,77,2024-12-31
PROD0093,STORE05,88,2024-12-31
PROD0094,STORE05,0,2024-12-31
PROD0095,STORE05,82,2024-12-31
PROD0096,STORE05,88,2024-12-31
PROD0097,STORE05,59,2024-12-31
PROD0098,STORE05,0,2024-12-31
PROD0099,STORE05,37,2024-12-31
PROD0100,STORE05,14,2024-12-31
PROD0101,STORE05,61,2024-12-31
PROD0102,STORE05,11,2024-12-31
PROD0103,STORE05,91,2024-12-31
PROD0104,STORE05,72,2024-12-31
PROD0105,STORE05,50,2024-12-31
PROD0106,STORE05,65,2024-12-31
PROD0107,STORE05,0,2024-12-31
PROD0108,STORE05,40,2024-12-31
PROD0109,STORE05,80,2024-12-31
PROD0110,STORE05,43,2024-12-31
PROD0111,STORE05,6,2024-12-31
PROD0112,STORE05,78,2024-12-31
PROD0113,STORE05,25,2024-12-31
PROD0114,STORE05,0,2024-12-31
PROD0115,STORE05,34,2024-12-31
PROD0116,STORE05,53,2024-12-31
PROD0117,STORE05,20,2024-12-31
PROD0118,STORE05,19,2024-12-31
PROD0119,STORE05,86,2024-12-31
PROD0120,STORE05,10,2024-12-31
PROD0121,STORE05,71,2024-12-31
PROD0122,STORE05,38,2024-12-31
PROD0123,STORE05,0,2024-12-31
PROD0124,STORE05,18,2024-12-31
PROD0125,STORE05,57,2024-12-31
PROD0126,STORE05,48,2024-12-31
PROD0127,STORE05,5,2024-12-31
PROD0128,STORE05,49,2024-12-31
PROD0129,STORE05,90,2024-12-31
PROD0130,STORE05,77,2024-12-31
PROD0131,STORE05,28,2024-12-31
PROD0132,STORE05,2,2024-12-31
PROD0133,STORE05,68,2024-12-31
PROD0134,STORE05,84,2024-12-31
PROD0135,STORE05,39,2024-12-31
PROD0136,STORE05,21,2024-12-31
PROD0137,STORE05,0,2024-12-31
PROD0138,STORE05,0,2024-12-31
PROD0139,STORE05,29,2024-12-31
PROD0140,STORE05,0,2024-12-31
PROD0141,STORE05,0,2024-12-31
PROD0142,STORE05,0,2024-12-31
PROD0143,STORE05,9,2024-12-31
PROD0144,STORE05,81,2024-12-31
PROD0145,STORE05,0,2024-12-31
PROD0146,STORE05,46,2024-12-31
PROD0147,STORE05,0,2024-12-31
PROD0148,STORE05,58,2024-12-31
PROD0149,STORE05,36,2024-12-31
PROD0150,STORE05,42,2024-12-31
PROD0151,STORE05,60,2024-12-31
PROD0152,STORE05,62,2024-12-31
PROD0153,STORE05,0,2024-12-31
PROD0154,STORE05,63,2024-12-31
PROD0155,STORE05,71,2024-12-31
PROD0156,STORE05,0,2024-12-31
PROD0157,STORE05,4,2024-12-31
PROD0158,STORE05,91,2024-12-31
PROD0159,STORE05,61,2024-12-31
PROD0160,STORE05,0,2024-12-31
PROD0161,STORE05,80,2024-12-31
PROD0162,STORE05,34,2024-12-31
PROD0163,STORE05,75,2024-12-31
PROD0164,STORE05,65,2024-12-31
PROD0165,STORE05,38,2024-12-31
PROD0166,STORE05,42,2024-12-31
PROD0167,STORE05,77,2024-12-31
PROD0168,STORE05,97,2024-12-31
PROD0169,STORE05,62,2024-12-31
PROD0170,STORE05,57,2024-12-31
PROD0171,STORE05,0,2024-12-31
PROD0172,STORE05,94,2024-12-31
PROD0173,STORE05,0,2024-12-31
PROD0174,STORE05,47,2024-12-31
PROD0175,STORE05,37,2024-12-31
PROD0176,STORE05,75,2024-12-31
PROD0177,STORE05,29,2024-12-31
PROD0178,STORE05,25,2024-12-31
PROD0179,STORE05,91,2024-12-31
PROD0180,STORE05,53,2024-12-31
PROD0181,STORE05,15,2024-12-31
PROD0182,STORE05,25,2024-12-31
PROD0183,STORE05,50,2024-12-31
PROD0184,STORE05,11,2024-12-31
PROD0185,STORE05,11,2024-12-31
PROD0186,STORE05,86,2024-12-31
PROD0187,STORE05,0,2024-12-31
PROD0188,STORE05,7,2024-12-31
PROD0189,STORE05,44,2024-12-31
PROD0190,STORE05,0,2024-12-31
PROD0191,STORE05,69,2024-12-31
PROD0192,STORE05,89,2024-12-31
PROD0193,STORE05,4,2024-12-31
PROD0194,STORE05,0,2024-12-31
PROD0195,STORE05,44,2024-12-31
PROD0196,STORE05,70,2024-12-31
PROD0197,STORE05,70,2024-12-31
PROD0198,STORE05,75,2024-12-31
PROD0199,STORE05,40,2024-12-31
PROD0200,STORE05,73,2024-12-31
PROD0001,STORE06,69,2024-12-31
PROD0002,STORE06,0,2024-12-31
PROD0003,STORE06,98,2024-12-31
PROD0004,STORE06,35,2024-12-31
PROD0005,STORE06,92,2024-12-31
PROD0006,STORE06,28,2024-12-31
PROD0007,STORE06,0,2024-12-31
PROD0008,STORE06,9,2024-12-31
PROD0009,STORE06,49,2024-12-31
PROD0010,STORE06,32,2024-12-31
PROD0011,STORE06,10,2024-12-31
PROD0012,STORE06,42,2024-12-31
PROD0013,STORE06,41,2024-12-31
PROD0014,STORE06,9,2024-12-31
PROD0015,STORE06,21,2024-12-31
PROD0016,STORE06,10,2024-12-31
PROD0017,STORE06,95,2024-12-31
PROD0018,STORE06,20,2024-12-31
PROD0019,STORE06,0,2024-12-31
PROD0020,STORE06,12,2024-12-31
PROD0021,STORE06,0,2024-12-31
PROD0022,STORE06,15,2024-12-31
PROD0023,STORE06,38,2024-12-31
PROD0024,STORE06,51,2024-12-31
PROD0025,STORE06,18,2024-12-31
PROD0026,STORE06,0,2024-12-31
PROD0027,STORE06,87,2024-12-31
PROD0028,STORE06,47,2024-12-31
PROD0029,STORE06,58,2024-12-31
PROD0030,STORE06,0,2024-12-31
PROD0031,STORE06,94,2024-12-31
PROD0032,STORE06,59,2024-12-31
PROD0033,STORE06,70,2024-12-31
PROD0034,STORE06,53,2024-12-31
PROD0035,STORE06,88,2024-12-31
PROD0036,STORE06,68,2024-12-31
PROD0037,STORE06,51,2024-12-31
PROD0038,STORE06,0,2024-12-31
PROD0039,STORE06,41,2024-12-31
PROD0040,STORE06,3,2024-12-31
PROD0041,STORE06,25,2024-12-31
PROD0042,STORE06,69,2024-12-31
PROD0043,STORE06,12,2024-12-31
PROD0044,STORE06,10,2024-12-31
PROD0045,STORE06,0,2024-12-31
PROD0046,STORE06,52,2024-12-31
PROD0047,STORE06,84,2024-12-31
PROD0048,STORE06,45,2024-12-31
PROD0049,STORE06,15,2024-12-31
PROD0050,STORE06,16,2024-12-31
PROD0051,STORE06,0,2024-12-31
PROD0052,STORE06,0,2024-12-31
PROD0053,STORE06,74,2024-12-31
PROD0054,STORE06,89,2024-12-31
PROD0055,STORE06,3,2024-12-31
PROD0056,STORE06,73,2024-12-31
PROD0057,STORE06,30,2024-12-31
PROD0058,STORE06,56,2024-12-31
PROD0059,STORE06,69,2024-12-31
PROD0060,STORE06,16,2024-12-31
PROD0061,STORE06,42,2024-12-31
PROD0062,STORE06,37,2024-12-31
PROD0063,STORE06,96,2024-12-31
PROD0064,STORE06,84,2024-12-31
PROD0065,STORE06,79,2024-12-31
PROD0066,STORE06,45,2024-12-31
PROD0067,STORE06,92,2024-12-31
PROD0068,STORE06,0,2024-12-31
PROD0069,STORE06,32,2024-12-31
PROD0070,STORE06,44,2024-12-31
PROD0071,STORE06,100,2024-12-31
PROD0072,STORE06,14,2024-12-31
PROD0073,STORE06,82,2024-12-31
PROD0074,STORE06,0,2024-12-31
PROD0075,STORE06,47,2024-12-31
PROD0076,STORE06,11,2024-12-31
PROD0077,STORE06,92,2024-12-31
PROD0078,STORE06,87,2024-12-31
PROD0079,STORE06,93,2024-12-31
PROD0080,STORE06,0,2024-12-31
PROD0081,STORE06,9,2024-12-31
PROD0082,STORE06,99,2024-12-31
PROD0083,STORE06,50,2024-12-31
PROD0084,STORE06,96,2024-12-31
PROD0085,STORE06,51,2024-12-31
PROD0086,STORE06,95,2024-12-31
PROD0087,STORE06,0,2024-12-31
PROD0088,STORE06,100,2024-12-31
PROD0089,STORE06,37,2024-12-31
PROD0090,STORE06,57,2024-12-31
PROD0091,STORE06,72,2024-12-31
PROD0092,STORE06,0,2024-12-31
PROD0093,STORE06,15,2024-12-31
PROD0094,STORE06,71,2024-12-31
PROD0095,STORE06,67,2024-12-31
PROD0096,STORE06,74,2024-12-31
PROD0097,STORE06,54,2024-12-31
PROD0098,STORE06,17,2024-12-31
PROD0099,STORE06,27,2024-12-31
PROD0100,STORE06,16,2024-12-31
PROD0101,STORE06,0,2024-12-31
PROD0102,STORE06,69,2024-12-31
PROD0103,STORE06,23,2024-12-31
PROD0104,STORE06,29,2024-12-31
PROD0105,STORE06,14,2024-12-31
PROD0106,STORE06,99,2024-12-31
PROD0107,STORE06,78,2024-12-31
PROD0108,STORE06,8,2024-12-31
PROD0109,STORE06,59,2024-12-31
PROD0110,STORE06,44,2024-12-31
PROD0111,STORE06,91,2024-12-31
PROD0112,STORE06,48,2024-12-31
PROD0113,STORE06,77,2024-12-31
PROD0114,STORE06,28,2024-12-31
PROD0115,STORE06,0,2024-12-31
PROD0116,STORE06,90,2024-12-31
PROD0117,STORE06,7,2024-12-31
PROD0118,STORE06,36,2024-12-31
PROD0119,STORE06,71,2024-12-31
PROD0120,STORE06,28,2024-12-31
PROD0121,STORE06,66,2024-12-31
PROD0122,STORE06,74,2024-12-31
PROD0123,STORE06,81,2024-12-31
PROD0124,STORE06,99,2024-12-31
PROD0125,STORE06,78,2024-12-31
PROD0126,STORE06,0,2024-12-31
PROD0127,STORE06,33,2024-12-31
PROD0128,STORE06,25,2024-12-31
PROD0129,STORE06,87,2024-12-31
PROD0130,STORE06,54,2024-12-31
PROD0131,STORE06,0,2024-12-31
PROD0132,STORE06,61,2024-12-31
PROD0133,STORE06,0,2024-12-31
PROD0134,STORE06,63,2024-12-31
PROD0135,STORE06,37,2024-12-31
PROD0136,STORE06,88,2024-12-31
PROD0137,STORE06,42,2024-12-31
PROD0138,STORE06,34,2024-12-31
PROD0139,STORE06,0,2024-12-31
PROD0140,STORE06,67,2024-12-31
PROD0141,STORE06,55,2024-12-31
PROD0142,STORE06,83,2024-12-31
PROD0143,STORE06,23,2024-12-31
PROD0144,STORE06,3,2024-12-31
PROD0145,STORE06,58,2024-12-31
PROD0146,STORE06,96,2024-12-31
PROD0147,STORE06,98,2024-12-31
PROD0148,STORE06,20,2024-12-31
PROD0149,STORE06,63,2024-12-31
PROD0150,STORE06,35,2024-12-31
PROD0151,STORE06,60,2024-12-31
PROD0152,STORE06,76,2024-12-31
PROD0153,STORE06,38,2024-12-31
PROD0154,STORE06,77,2024-12-31
PROD0155,STORE06,87,2024-12-31
PROD0156,STORE06,45,2024-12-31
PROD0157,STORE06,72,2024-12-31
PROD0158,STORE06,11,2024-12-31
PROD0159,STORE06,100,2024-12-31
PROD0160,STORE06,18,2024-12-31
PROD0161,STORE06,5,2024-12-31
PROD0162,STORE06,30,2024-12-31
PROD0163,STORE06,81,2024-12-31
PROD0164,STORE06,35,2024-12-31
PROD0165,STORE06,97,2024-12-31
PROD0166,STORE06,35,2024-12-31
PROD0167,STORE06,81,2024-12-31
PROD0168,STORE06,85,2024-12-31
PROD0169,STORE06,37,2024-12-31
PROD0170,STORE06,17,2024-12-31
PROD0171,STORE06,7,2024-12-31
PROD0172,STORE06,75,2024-12-31
PROD0173,STORE06,0,2024-12-31
PROD0174,STORE06,86,2024-12-31
PROD0175,STORE06,61,2024-12-31
PROD0176,STORE06,6,2024-12-31
PROD0177,STORE06,56,2024-12-31
PROD0178,STORE06,99,2024-12-31
PROD0179,STORE06,71,2024-12-31
PROD0180,STORE06,21,2024-12-31
PROD0181,STORE06,0,2024-12-31
PROD0182,STORE06,28,2024-12-31
PROD0183,STORE06,83,2024-12-31
PROD0184,STORE06,80,2024-12-31
PROD0185,STORE06,22,2024-12-31
PROD0186,STORE06,50,2024-12-31
PROD0187,STORE06,49,2024-12-31
PROD0188,STORE06,43,2024-12-31
PROD0189,STORE06,2,2024-12-31
PROD0190,STORE06,68,2024-12-31
PROD0191,STORE06,60,2024-12-31
PROD0192,STORE06,30,2024-12-31
PROD0193,STORE06,7,2024-12-31
PROD0194,STORE06,59,2024-12-31
PROD0195,STORE06,18,2024-12-31
PROD0196,STORE06,63,2024-12-31
PROD0197,STORE06,12,2024-12-31
PROD0198,STORE06,45,2024-12-31
PROD0199,STORE06,94,2024-12-31
PROD0200,STORE06,52,2024-12-31
PROD0001,STORE07,97,2024-12-31
PROD0002,STORE07,51,2024-12-31
PROD0003,STORE07,82,2024-12-31
PROD0004,STORE07,74,2024-12-31
PROD0005,STORE07,8,2024-12-31
PROD0006,STORE07,45,2024-12-31
PROD0007,STORE07,0,2024-12-31
PROD0008,STORE07,94,2024-12-31
PROD0009,STORE07,65,2024-12-31
PROD0010,STORE07,24,2024-12-31
PROD0011,STORE07,0,2024-12-31
PROD0012,STORE07,85,2024-12-31
PROD0013,STORE07,11,2024-12-31
PROD0014,STORE07,51,2024-12-31
PROD0015,STORE07,72,2024-12-31
PROD0016,STORE07,0,2024-12-31
PROD0017,STORE07,0,2024-12-31
PROD0018,STORE07,94,2024-12-31
PROD0019,STORE07,29,2024-12-31
PROD0020,STORE07,74,2024-12-31
PROD0021,STORE07,3,2024-12-31
PROD0022,STORE07,82,2024-12-31
PROD0023,STORE07,29,2024-12-31
PROD0024,STORE07,77,2024-12-31
PROD0025,STORE07,51,2024-12-31
PROD0026,STORE07,33,2024-12-31
PROD0027,STORE07,16,2024-12-31
PROD0028,STORE07,49,2024-12-31
PROD0029,STORE07,89,2024-12-31
PROD0030,STORE07,77,2024-12-31
PROD0031,STORE07,79,2024-12-31
PROD0032,STORE07,12,2024-12-31
PROD0033,STORE07,82,2024-12-31
PROD0034,STORE07,46,2024-12-31
PROD0035,STORE07,65,2024-12-31
PROD0036,STORE07,23,2024-12-31
PROD0037,STORE07,0,2024-12-31
PROD0038,STORE07,83,2024-12-31
PROD0039,STORE07,52,2024-12-31
PROD0040,STORE07,87,2024-12-31
PROD0041,STORE07,42,2024-12-31
PROD0042,STORE07,8,2024-12-31
PROD0043,STORE07,75,2024-12-31
PROD0044,STORE07,94,2024-12-31
PROD0045,STORE07,0,2024-12-31
PROD0046,STORE07,74,2024-12-31
PROD0047,STORE07,0,2024-12-31
PROD0048,STORE07,89,2024-12-31
PROD0049,STORE07,59,2024-12-31
PROD0050,STORE07,23,2024-12-31
PROD0051,STORE07,27,2024-12-31
PROD0052,STORE07,45,2024-12-31
PROD0053,STORE07,21,2024-12-31
PROD0054,STORE07,97,2024-12-31
PROD0055,STORE07,0,2024-12-31
PROD0056,STORE07,40,2024-12-31
PROD0057,STORE07,49,2024-12-31
PROD0058,STORE07,95,2024-12-31
PROD0059,STORE07,61,2024-12-31
PROD0060,STORE07,83,2024-12-31
PROD0061,STORE07,4,2024-12-31
PROD0062,STORE07,18,2024-12-31
PROD0063,STORE07,52,2024-12-31
PROD0064,STORE07,18,2024-12-31
PROD0065,STORE07,76,2024-12-31
PROD0066,STORE07,3,2024-12-31
PROD0067,STORE07,8,2024-12-31
PROD0068,STORE07,58,2024-12-31
PROD0069,STORE07,20,2024-12-31
PROD0070,STORE07,51,2024-12-31
PROD0071,STORE07,3,2024-12-31
PROD0072,STORE07,48,2024-12-31
PROD0073,STORE07,95,2024-12-31
PROD0074,STORE07,34,2024-12-31
PROD0075,STORE07,37,2024-12-31
PROD0076,STORE07,90,2024-12-31
PROD0077,STORE07,51,2024-12-31
PROD0078,STORE07,23,2024-12-31
PROD0079,STORE07,93,2024-12-31
PROD0080,STORE07,0,2024-12-31
PROD0081,STORE07,32,2024-12-31
PROD0082,STORE07,0,2024-12-31
PROD0083,STORE07,12,2024-12-31
PROD0084,STORE07,65,2024-12-31
PROD0085,STORE07,24,2024-12-31
PROD0086,STORE07,64,2024-12-31
PROD0087,STORE07,53,2024-12-31
PROD0088,STORE07,94,2024-12-31
PROD0089,STORE07,98,2024-12-31
PROD0090,STORE07,97,2024-12-31
PROD0091,STORE07,12,2024-12-31
PROD0092,STORE07,0,2024-12-31
PROD0093,STORE07,31,2024-12-31
PROD0094,STORE07,76,2024-12-31
PROD0095,STORE07,59,2024-12-31
PROD0096,STORE07,30,2024-12-31
PROD0097,STORE07,55,2024-12-31
PROD0098,STORE07,5,2024-12-31
PROD0099,STORE07,66,2024-12-31
PROD0100,STORE07,28,2024-12-31
PROD0101,STORE07,22,2024-12-31
PROD0102,STORE07,54,2024-12-31
PROD0103,STORE07,41,2024-12-31
PROD0104,STORE07,43,2024-12-31
PROD0105,STORE07,32,2024-12-31
PROD0106,STORE07,42,2024-12-31
PROD0107,STORE07,48,2024-12-31
PROD0108,STORE07,43,2024-12-31
PROD0109,STORE07,96,2024-12-31
PROD0110,STORE07,0,2024-12-31
PROD0111,STORE07,93,2024-12-31
PROD0112,STORE07,5,2024-12-31
PROD0113,STORE07,15,2024-12-31
PROD0114,STORE07,56,2024-12-31
PROD0115,STORE07,56,2024-12-31
PROD0116,STORE07,8,2024-12-31
PROD0117,STORE07,36,2024-12-31
PROD0118,STORE07,95,2024-12-31
PROD0119,STORE07,0,2024-12-31
PROD0120,STORE07,7,2024-12-31
PROD0121,STORE07,54,2024-12-31
PROD0122,STORE07,0,2024-12-31
PROD0123,STORE07,30,2024-12-31
PROD0124,STORE07,37,2024-12-31
PROD0125,STORE07,0,2024-12-31
PROD0126,STORE07,16,2024-12-31
PROD0127,STORE07,21,2024-12-31
PROD0128,STORE07,59,2024-12-31
PROD0129,STORE07,0,2024-12-31
PROD0130,STORE07,39,2024-12-31
PROD0131,STORE07,53,2024-12-31
PROD0132,STORE07,90,2024-12-31
PROD0133,STORE07,47,2024-12-31
PROD0134,STORE07,0,2024-12-31
PROD0135,STORE07,72,2024-12-31
PROD0136,STORE07,66,2024-12-31
PROD0137,STORE07,75,2024-12-31
PROD0138,STORE07,13,2024-12-31
PROD0139,STORE07,56,2024-12-31
PROD0140,STORE07,29,2024-12-31
PROD0141,STORE07,66,2024-12-31
PROD0142,STORE07,20,2024-12-31
PROD0143,STORE07,27,2024-12-31
PROD0144,STORE07,90,2024-12-31
PROD0145,STORE07,5,2024-12-31
PROD0146,STORE07,39,2024-12-31
PROD0147,STORE07,56,2024-12-31
PROD0148,STORE07,41,2024-12-31
PROD0149,STORE07,48,2024-12-31
PROD0150,STORE07,88,2024-12-31
PROD0151,STORE07,66,2024-12-31
PROD0152,STORE07,62,2024-12-31
PROD0153,STORE07,70,2024-12-31
PROD0154,STORE07,63,2024-12-31
PROD0155,STORE07,0,2024-12-31
PROD0156,STORE07,32,2024-12-31
PROD0157,STORE07,9,2024-12-31
PROD0158,STORE07,12,2024-12-31
PROD0159,STORE07,33,2024-12-31
PROD0160,STORE07,24,2024-12-31
PROD0161,STORE07,87,2024-12-31
PROD0162,STORE07,90,2024-12-31
PROD0163,STORE07,68,2024-12-31
PROD0164,STORE07,14,2024-12-31
PROD0165,STORE07,21,2024-12-31
PROD0166,STORE07,0,2024-12-31
PROD0167,STORE07,78,2024-12-31
PROD0168,STORE07,0,2024-12-31
PROD0169,STORE07,2,2024-12-31
PROD0170,STORE07,6,2024-12-31
PROD0171,STORE07,98,2024-12-31
PROD0172,STORE07,52,2024-12-31
PROD0173,STORE07,100,2024-12-31
PROD0174,STORE07,66,2024-12-31
PROD0175,STORE07,26,2024-12-31
PROD0176,STORE07,0,2024-12-31
PROD0177,STORE07,90,2024-12-31
PROD0178,STORE07,63,2024-12-31
PROD0179,STORE07,0,2024-12-31
PROD0180,STORE07,34,2024-12-31
PROD0181,STORE07,49,2024-12-31
PROD0182,STORE07,44,2024-12-31
PROD0183,STORE07,93,2024-12-31
PROD0184,STORE07,32,2024-12-31
PROD0185,STORE07,85,2024-12-31
PROD0186,STORE07,9,2024-12-31
PROD0187,STORE07,30,2024-12-31
PROD0188,STORE07,33,2024-12-31
PROD0189,STORE07,97,2024-12-31
PROD0190,STORE07,85,2024-12-31
PROD0191,STORE07,58,2024-12-31
PROD0192,STORE07,88,2024-12-31
PROD0193,STORE07,43,2024-12-31
PROD0194,STORE07,32,2024-12-31
PROD0195,STORE07,92,2024-12-31
PROD0196,STORE07,39,2024-12-31
PROD0197,STORE07,46,2024-12-31
PROD0198,STORE07,45,2024-12-31
PROD0199,STORE07,4,2024-12-31
PROD0200,STORE07,16,2024-12-31
PROD0001,STORE08,84,2024-12-31
PROD0002,STORE08,82,2024-12-31
PROD0003,STORE08,85,2024-12-31
PROD0004,STORE08,27,2024-12-31
PROD0005,STORE08,74,2024-12-31
PROD0006,STORE08,3,2024-12-31
PROD0007,STORE08,29,2024-12-31
PROD0008,STORE08,22,2024-12-31
PROD0009,STORE08,40,2024-12-31
PROD0010,STORE08,93,2024-12-31
PROD0011,STORE08,40,2024-12-31
PROD0012,STORE08,52,2024-12-31
PROD0013,STORE08,58,2024-12-31
PROD0014,STORE08,100,2024-12-31
PROD0015,STORE08,12,2024-12-31
PROD0016,STORE08,27,2024-12-31
PROD0017,STORE08,86,2024-12-31
PROD0018,STORE08,16,2024-12-31
PROD0019,STORE08,72,2024-12-31
PROD0020,STORE08,35,2024-12-31
PROD0021,STORE08,30,2024-12-31
PROD0022,STORE08,81,2024-12-31
PROD0023,STORE08,5,2024-12-31
PROD0024,STORE08,9,2024-12-31
PROD0025,STORE08,92,2024-12-31
PROD0026,STORE08,94,2024-12-31
PROD0027,STORE08,73,2024-12-31
PROD0028,STORE08,5,2024-12-31
PROD0029,STORE08,17,2024-12-31
PROD0030,STORE08,59,2024-12-31
PROD0031,STORE08,74,2024-12-31
PROD0032,STORE08,92,2024-12-31
PROD0033,STORE08,65,2024-12-31
PROD0034,STORE08,18,2024-12-31
PROD0035,STORE08,60,2024-12-31
PROD0036,STORE08,65,2024-12-31
PROD0037,STORE08,66,2024-12-31
PROD0038,STORE08,32,2024-12-31
PROD0039,STORE08,0,2024-12-31
PROD0040,STORE08,84,2024-12-31
PROD0041,STORE08,92,2024-12-31
PROD0042,STORE08,81,2024-12-31
PROD0043,STORE08,66,2024-12-31
PROD0044,STORE08,0,2024-12-31
PROD0045,STORE08,100,2024-12-31
PROD0046,STORE08,20,2024-12-31
PROD0047,STORE08,20,2024-12-31
PROD0048,STORE08,65,2024-12-31
PROD0049,STORE08,58,2024-12-31
PROD0050,STORE08,6,2024-12-31
PROD0051,STORE08,52,2024-12-31
PROD0052,STORE08,4,2024-12-31
PROD0053,STORE08,6,2024-12-31
PROD0054,STORE08,84,2024-12-31
PROD0055,STORE08,0,2024-12-31
PROD0056,STORE08,0,2024-12-31
PROD0057,STORE08,0,2024-12-31
PROD0058,STORE08,46,2024-12-31
PROD0059,STORE08,62,2024-12-31
PROD0060,STORE08,12,2024-12-31
PROD0061,STORE08,14,2024-12-31
PROD0062,STORE08,0,2024-12-31
PROD0063,STORE08,78,2024-12-31
PROD0064,STORE08,32,2024-12-31
PROD0065,STORE08,50,2024-12-31
PROD0066,STORE08,98,2024-12-31
PROD0067,STORE08,37,2024-12-31
PROD0068,STORE08,49,2024-12-31
PROD0069,STORE08,0,2024-12-31
PROD0070,STORE08,68,2024-12-31
PROD0071,STORE08,15,2024-12-31
PROD0072,STORE08,16,2024-12-31
PROD0073,STORE08,100,2024-12-31
PROD0074,STORE08,100,2024-12-31
PROD0075,STORE08,0,2024-12-31
PROD0076,STORE08,59,2024-12-31
PROD0077,STORE08,0,2024-12-31
PROD0078,STORE08,27,2024-12-31
PROD0079,STORE08,53,2024-12-31
PROD0080,STORE08,0,2024-12-31
PROD0081,STORE08,59,2024-12-31
PROD0082,STORE08,97,2024-12-31
PROD0083,STORE08,80,2024-12-31
PROD0084,STORE08,40,2024-12-31
PROD0085,STORE08,94,2024-12-31
PROD0086,STORE08,57,2024-12-31
PROD0087,STORE08,62,2024-12-31
PROD0088,STORE08,40,2024-12-31
PROD0089,STORE08,98,2024-12-31
PROD0090,STORE08,7,2024-12-31
PROD0091,STORE08,48,2024-12-31
PROD0092,STORE08,47,2024-12-31
PROD0093,STORE08,91,2024-12-31
PROD0094,STORE08,88,2024-12-31
PROD0095,STORE08,5,2024-12-31
PROD0096,STORE08,100,2024-12-31
PROD0097,STORE08,78,2024-12-31
PROD0098,STORE08,59,2024-12-31
PROD0099,STORE08,23,2024-12-31
PROD0100,STORE08,70,2024-12-31
PROD0101,STORE08,68,2024-12-31
PROD0102,STORE08,85,2024-12-31
PROD0103,STORE08,48,2024-12-31
PROD0104,STORE08,31,2024-12-31
PROD0105,STORE08,72,2024-12-31
PROD0106,STORE08,66,2024-12-31
PROD0107,STORE08,0,2024-12-31
PROD0108,STORE08,61,2024-12-31
PROD0109,STORE08,84,2024-12-31
PROD0110,STORE08,62,2024-12-31
PROD0111,STORE08,50,2024-12-31
PROD0112,STORE08,90,2024-12-31
PROD0113,STORE08,72,2024-12-31
PROD0114,STORE08,40,2024-12-31
PROD0115,STORE08,0,2024-12-31
PROD0116,STORE08,66,2024-12-31
PROD0117,STORE08,89,2024-12-31
PROD0118,STORE08,39,2024-12-31
PROD0119,STORE08,0,2024-12-31
PROD0120,STORE08,60,2024-12-31
PROD0121,STORE08,36,2024-12-31
PROD0122,STORE08,71,2024-12-31
PROD0123,STORE08,46,2024-12-31
PROD0124,STORE08,41,2024-12-31
PROD0125,STORE08,95,2024-12-31
PROD0126,STORE08,47,2024-12-31
PROD0127,STORE08,2,2024-12-31
PROD0128,STORE08,59,2024-12-31
PROD0129,STORE08,92,2024-12-31
PROD0130,STORE08,93,2024-12-31
PROD0131,STORE08,60,2024-12-31
PROD0132,STORE08,68,2024-12-31
PROD0133,STORE08,86,2024-12-31
PROD0134,STORE08,98,2024-12-31
PROD0135,STORE08,0,2024-12-31
PROD0136,STORE08,58,2024-12-31
PROD0137,STORE08,85,2024-12-31
PROD0138,STORE08,0,2024-12-31
PROD0139,STORE08,36,2024-12-31
PROD0140,STORE08,94,2024-12-31
PROD0141,STORE08,25,2024-12-31
PROD0142,STORE08,0,2024-12-31
PROD0143,STORE08,47,2024-12-31
PROD0144,STORE08,0,2024-12-31
PROD0145,STORE08,98,2024-12-31
PROD0146,STORE08,50,2024-12-31
PROD0147,STORE08,84,2024-12-31
PROD0148,STORE08,11,2024-12-31
PROD0149,STORE08,11,2024-12-31
PROD0150,STORE08,78,2024-12-31
PROD0151,STORE08,0,2024-12-31
PROD0152,STORE08,25,2024-12-31
PROD0153,STORE08,0,2024-12-31
PROD0154,STORE08,6,2024-12-31
PROD0155,STORE08,0,2024-12-31
PROD0156,STORE08,47,2024-12-31
PROD0157,STORE08,0,2024-12-31
PROD0158,STORE08,57,2024-12-31
PROD0159,STORE08,0,2024-12-31
PROD0160,STORE08,15,2024-12-31
PROD0161,STORE08,33,2024-12-31
PROD0162,STORE08,45,2024-12-31
PROD0163,STORE08,49,2024-12-31
PROD0164,STORE08,38,2024-12-31
PROD0165,STORE08,49,2024-12-31
PROD0166,STORE08,94,2024-12-31
PROD0167,STORE08,0,2024-12-31
PROD0168,STORE08,24,2024-12-31
PROD0169,STORE08,21,2024-12-31
PROD0170,STORE08,31,2024-12-31
PROD0171,STORE08,3,2024-12-31
PROD0172,STORE08,98,2024-12-31
PROD0173,STORE08,35,2024-12-31
PROD0174,STORE08,61,2024-12-31
PROD0175,STORE08,30,2024-12-31
PROD0176,STORE08,32,2024-12-31
PROD0177,STORE08,34,2024-12-31
PROD0178,STORE08,71,2024-12-31
PROD0179,STORE08,0,2024-12-31
PROD0180,STORE08,61,2024-12-31
PROD0181,STORE08,28,2024-12-31
PROD0182,STORE08,51,2024-12-31
PROD0183,STORE08,85,2024-12-31
PROD0184,STORE08,97,2024-12-31
PROD0185,STORE08,11,2024-12-31
PROD0186,STORE08,88,2024-12-31
PROD0187,STORE08,21,2024-12-31
PROD0188,STORE08,37,2024-12-31
PROD0189,STORE08,15,2024-12-31
PROD0190,STORE08,13,2024-12-31
PROD0191,STORE08,96,2024-12-31
PROD0192,STORE08,65,2024-12-31
PROD0193,STORE08,97,2024-12-31
PROD0194,STORE08,0,2024-12-31
PROD0195,STORE08,19,2024-12-31
PROD0196,STORE08,84,2024-12-31
PROD0197,STORE08,10,2024-12-31
PROD0198,STORE08,46,2024-12-31
PROD0199,STORE08,0,2024-12-31
PROD0200,STORE08,65,2024-12-31
PROD0001,STORE09,27,2024-12-31
PROD0002,STORE09,93,2024-12-31
PROD0003,STORE09,54,2024-12-31
PROD0004,STORE09,93,2024-12-31
PROD0005,STORE09,4,2024-12-31
PROD0006,STORE09,82,2024-12-31
PROD0007,STORE09,82,2024-12-31
PROD0008,STORE09,42,2024-12-31
PROD0009,STORE09,52,2024-12-31
PROD0010,STORE09,0,2024-12-31
PROD0011,STORE09,0,2024-12-31
PROD0012,STORE09,34,2024-12-31
PROD0013,STORE09,61,2024-12-31
PROD0014,STORE09,36,2024-12-31
PROD0015,STORE09,31,2024-12-31
PROD0016,STORE09,90,2024-12-31
PROD0017,STORE09,43,2024-12-31
PROD0018,STORE09,27,2024-12-31
PROD0019,STORE09,19,2024-12-31
PROD0020,STORE09,63,2024-12-31
PROD0021,STORE09,29,2024-12-31
PROD0022,STORE09,39,2024-12-31
PROD0023,STORE09,35,2024-12-31
PROD0024,STORE09,22,2024-12-31
PROD0025,STORE09,21,2024-12-31
PROD0026,STORE09,65,2024-12-31
PROD0027,STORE09,44,2024-12-31
PROD0028,STORE09,35,2024-12-31
PROD0029,STORE09,93,2024-12-31
PROD0030,STORE09,9,2024-12-31
PROD0031,STORE09,66,2024-12-31
PROD0032,STORE09,43,2024-12-31
PROD0033,STORE09,14,2024-12-31
PROD0034,STORE09,86,2024-12-31
PROD0035,STORE09,82,2024-12-31
PROD0036,STORE09,4,2024-12-31
PROD0037,STORE09,83,2024-12-31
PROD0038,STORE09,5,2024-12-31
PROD0039,STORE09,17,2024-12-31
PROD0040,STORE09,93,2024-12-31
PROD0041,STORE09,47,2024-12-31
PROD0042,STORE09,76,2024-12-31
PROD0043,STORE09,90,2024-12-31
PROD0044,STORE09,76,2024-12-31
PROD0045,STORE09,20,2024-12-31
PROD0046,STORE09,79,2024-12-31
PROD0047,STORE09,81,2024-12-31
PROD0048,STORE09,39,2024-12-31
PROD0049,STORE09,37,2024-12-31
PROD0050,STORE09,54,2024-12-31
PROD0051,STORE09,93,2024-12-31
PROD0052,STORE09,33,2024-12-31
PROD0053,STORE09,91,2024-12-31
PROD0054,STORE09,0,2024-12-31
PROD0055,STORE09,67,2024-12-31
PROD0056,STORE09,24,2024-12-31
PROD0057,STORE09,22,2024-12-31
PROD0058,STORE09,88,2024-12-31
PROD0059,STORE09,0,2024-12-31
PROD0060,STORE09,70,2024-12-31
PROD0061,STORE09,0,2024-12-31
PROD0062,STORE09,74,2024-12-31
PROD0063,STORE09,65,2024-12-31
PROD0064,STORE09,22,2024-12-31
PROD0065,STORE09,17,2024-12-31
PROD0066,STORE09,0,2024-12-31
PROD0067,STORE09,18,2024-12-31
PROD0068,STORE09,19,2024-12-31
PROD0069,STORE09,96,2024-12-31
PROD0070,STORE09,21,2024-12-31
PROD0071,STORE09,27,2024-12-31
PROD0072,STORE09,11,2024-12-31
PROD0073,STORE09,11,2024-12-31
PROD0074,STORE09,44,2024-12-31
PROD0075,STORE09,38,2024-12-31
PROD0076,STORE09,86,2024-12-31
PROD0077,STORE09,39,2024-12-31
PROD0078,STORE09,91,2024-12-31
PROD0079,STORE09,25,2024-12-31
PROD0080,STORE09,14,2024-12-31
PROD0081,STORE09,8,2024-12-31
PROD0082,STORE09,43,2024-12-31
PROD0083,STORE09,46,2024-12-31
PROD0084,STORE09,27,2024-12-31
PROD0085,STORE09,88,2024-12-31
PROD0086,STORE09,98,2024-12-31
PROD0087,STORE09,92,2024-12-31
PROD0088,STORE09,56,2024-12-31
PROD0089,STORE09,0,2024-12-31
PROD0090,STORE09,78,2024-12-31
PROD0091,STORE09,27,2024-12-31
PROD0092,STORE09,6,2024-12-31
PROD0093,STORE09,61,2024-12-31
PROD0094,STORE09,69,2024-12-31
PROD0095,STORE09,31,2024-12-31
PROD0096,STORE09,4,2024-12-31
PROD0097,STORE09,2,2024-12-31
PROD0098,STORE09,15,2024-12-31
PROD0099,STORE09,47,2024-12-31
PROD0100,STORE09,53,2024-12-31
PROD0101,STORE09,70,2024-12-31
PROD0102,STORE09,19,2024-12-31
PROD0103,STORE09,14,2024-12-31
PROD0104,STORE09,0,2024-12-31
PROD0105,STORE09,86,2024-12-31
PROD0106,STORE09,53,2024-12-31
PROD0107,STORE09,14,2024-12-31
PROD0108,STORE09,8,2024-12-31
PROD0109,STORE09,94,2024-12-31
PROD0110,STORE09,74,2024-12-31
PROD0111,STORE09,17,2024-12-31
PROD0112,STORE09,0,2024-12-31
PROD0113,STORE09,43,2024-12-31
PROD0114,STORE09,61,2024-12-31
PROD0115,STORE09,6,2024-12-31
PROD0116,STORE09,49,2024-12-31
PROD0117,STORE09,22,2024-12-31
PROD0118,STORE09,81,2024-12-31
PROD0119,STORE09,57,2024-12-31
PROD0120,STORE09,5,2024-12-31
PROD0121,STORE09,41,2024-12-31
PROD0122,STORE09,79,2024-12-31
PROD0123,STORE09,24,2024-12-31
PROD0124,STORE09,47,2024-12-31
PROD0125,STORE09,41,2024-12-31
PROD0126,STORE09,35,2024-12-31
PROD0127,STORE09,33,2024-12-31
PROD0128,STORE09,0,2024-12-31
PROD0129,STORE09,13,2024-12-31
PROD0130,STORE09,68,2024-12-31
PROD0131,STORE09,3,2024-12-31
PROD0132,STORE09,77,2024-12-31
PROD0133,STORE09,1,2024-12-31
PROD0134,STORE09,29,2024-12-31
PROD0135,STORE09,53,2024-12-31
PROD0136,STORE09,15,2024-12-31
PROD0137,STORE09,33,2024-12-31
PROD0138,STORE09,34,2024-12-31
PROD0139,STORE09,42,2024-12-31
PROD0140,STORE09,58,2024-12-31
PROD0141,STORE09,47,2024-12-31
PROD0142,STORE09,83,2024-12-31
PROD0143,STORE09,6,2024-12-31
PROD0144,STORE09,19,2024-12-31
PROD0145,STORE09,25,2024-12-31
PROD0146,STORE09,70,2024-12-31
PROD0147,STORE09,44,2024-12-31
PROD0148,STORE09,94,2024-12-31
PROD0149,STORE09,0,2024-12-31
PROD0150,STORE09,93,2024-12-31
PROD0151,STORE09,54,2024-12-31
PROD0152,STORE09,54,2024-12-31
PROD0153,STORE09,17,2024-12-31
PROD0154,STORE09,25,2024-12-31
PROD0155,STORE09,57,2024-12-31
PROD0156,STORE09,67,2024-12-31
PROD0157,STORE09,69,2024-12-31
PROD0158,STORE09,98,2024-12-31
PROD0159,STORE09,71,2024-12-31
PROD0160,STORE09,79,2024-12-31
PROD0161,STORE09,92,2024-12-31
PROD0162,STORE09,44,2024-12-31
PROD0163,STORE09,98,2024-12-31
PROD0164,STORE09,24,2024-12-31
PROD0165,STORE09,12,2024-12-31
PROD0166,STORE09,58,2024-12-31
PROD0167,STORE09,79,2024-12-31
PROD0168,STORE09,0,2024-12-31
PROD0169,STORE09,82,2024-12-31
PROD0170,STORE09,99,2024-12-31
PROD0171,STORE09,48,2024-12-31
PROD0172,STORE09,0,2024-12-31
PROD0173,STORE09,36,2024-12-31
PROD0174,STORE09,97,2024-12-31
PROD0175,STORE09,48,2024-12-31
PROD0176,STORE09,84,2024-12-31
PROD0177,STORE09,77,2024-12-31
PROD0178,STORE09,0,2024-12-31
PROD0179,STORE09,96,2024-12-31
PROD0180,STORE09,98,2024-12-31
PROD0181,STORE09,93,2024-12-31
PROD0182,STORE09,83,2024-12-31
PROD0183,STORE09,75,2024-12-31
PROD0184,STORE09,22,2024-12-31
PROD0185,STORE09,9,2024-12-31
PROD0186,STORE09,71,2024-12-31
PROD0187,STORE09,35,2024-12-31
PROD0188,STORE09,21,2024-12-31
PROD0189,STORE09,43,2024-12-31
PROD0190,STORE09,90,2024-12-31
PROD0191,STORE09,97,2024-12-31
PROD0192,STORE09,8,2024-12-31
PROD0193,STORE09,14,2024-12-31
PROD0194,STORE09,6,2024-12-31
PROD0195,STORE09,88,2024-12-31
PROD0196,STORE09,37,2024-12-31
PROD0197,STORE09,94,2024-12-31
PROD0198,STORE09,34,2024-12-31
PROD0199,STORE09,8,2024-12-31
PROD0200,STORE09,87,2024-12-31
PROD0001,STORE10,78,2024-12-31
PROD0002,STORE10,41,2024-12-31
PROD0003,STORE10,46,2024-12-31
PROD0004,STORE10,0,2024-12-31
PROD0005,STORE10,92,2024-12-31
PROD0006,STORE10,7,2024-12-31
PROD0007,STORE10,12,2024-12-31
PROD0008,STORE10,51,2024-12-31
PROD0009,STORE10,86,2024-12-31
PROD0010,STORE10,82,2024-12-31
PROD0011,STORE10,64,2024-12-31
PROD0012,STORE10,21,2024-12-31
PROD0013,STORE10,9,2024-12-31
PROD0014,STORE10,0,2024-12-31
PROD0015,STORE10,0,2024-12-31
PROD0016,STORE10,23,2024-12-31
PROD0017,STORE10,0,2024-12-31
PROD0018,STORE10,44,2024-12-31
PROD0019,STORE10,0,2024-12-31
PROD0020,STORE10,83,2024-12-31
PROD0021,STORE10,27,2024-12-31
PROD0022,STORE10,49,2024-12-31
PROD0023,STORE10,25,2024-12-31
PROD0024,STORE10,0,2024-12-31
PROD0025,STORE10,42,2024-12-31
PROD0026,STORE10,88,2024-12-31
PROD0027,STORE10,54,2024-12-31
PROD0028,STORE10,77,2024-12-31
PROD0029,STORE10,56,2024-12-31
PROD0030,STORE10,15,2024-12-31
PROD0031,STORE10,85,2024-12-31
PROD0032,STORE10,37,2024-12-31
PROD0033,STORE10,54,2024-12-31
PROD0034,STORE10,8,2024-12-31
PROD0035,STORE10,84,2024-12-31
PROD0036,STORE10,44,2024-12-31
PROD0037,STORE10,87,2024-12-31
PROD0038,STORE10,27,2024-12-31
PROD0039,STORE10,57,2024-12-31
PROD0040,STORE10,46,2024-12-31
PROD0041,STORE10,27,2024-12-31
PROD0042,STORE10,58,2024-12-31
PROD0043,STORE10,0,2024-12-31
PROD0044,STORE10,86,2024-12-31
PROD0045,STORE10,79,2024-12-31
PROD0046,STORE10,87,2024-12-31
PROD0047,STORE10,19,2024-12-31
PROD0048,STORE10,4,2024-12-31
PROD0049,STORE10,10,2024-12-31
PROD0050,STORE10,25,2024-12-31
PROD0051,STORE10,21,2024-12-31
PROD0052,STORE10,46,2024-12-31
PROD0053,STORE10,44,2024-12-31
PROD0054,STORE10,77,2024-12-31
PROD0055,STORE10,46,2024-12-31
PROD0056,STORE10,0,2024-12-31
PROD0057,STORE10,24,2024-12-31
PROD0058,STORE10,69,2024-12-31
PROD0059,STORE10,80,2024-12-31
PROD0060,STORE10,88,2024-12-31
PROD0061,STORE10,82,2024-12-31
PROD0062,STORE10,43,2024-12-31
PROD0063,STORE10,34,2024-12-31
PROD0064,STORE10,68,2024-12-31
PROD0065,STORE10,1,2024-12-31
PROD0066,STORE10,5,2024-12-31
PROD0067,STORE10,49,2024-12-31
PROD0068,STORE10,14,2024-12-31
PROD0069,STORE10,4,2024-12-31
PROD0070,STORE10,82,2024-12-31
PROD0071,STORE10,73,2024-12-31
PROD0072,STORE10,11,2024-12-31
PROD0073,STORE10,54,2024-12-31
PROD0074,STORE10,0,2024-12-31
PROD0075,STORE10,0,2024-12-31
PROD0076,STORE10,42,2024-12-31
PROD0077,STORE10,38,2024-12-31
PROD0078,STORE10,73,2024-12-31
PROD0079,STORE10,80,2024-12-31
PROD0080,STORE10,59,2024-12-31
PROD0081,STORE10,78,2024-12-31
PROD0082,STORE10,57,2024-12-31
PROD0083,STORE10,30,2024-12-31
PROD0084,STORE10,59,2024-12-31
PROD0085,STORE10,64,2024-12-31
PROD0086,STORE10,0,2024-12-31
PROD0087,STORE10,37,2024-12-31
PROD0088,STORE10,49,2024-12-31
PROD0089,STORE10,73,2024-12-31
PROD0090,STORE10,59,2024-12-31
PROD0091,STORE10,65,2024-12-31
PROD0092,STORE10,32,2024-12-31
PROD0093,STORE10,77,2024-12-31
PROD0094,STORE10,96,2024-12-31
PROD0095,STORE10,28,2024-12-31
PROD0096,STORE10,49,2024-12-31
PROD0097,STORE10,16,2024-12-31
PROD0098,STORE10,6,2024-12-31
PROD0099,STORE10,56,2024-12-31
PROD0100,STORE10,4,2024-12-31
PROD0101,STORE10,76,2024-12-31
PROD0102,STORE10,0,2024-12-31
PROD0103,STORE10,49,2024-12-31
PROD0104,STORE10,31,2024-12-31
PROD0105,STORE10,83,2024-12-31
PROD0106,STORE10,53,2024-12-31
PROD0107,STORE10,56,2024-12-31
PROD0108,STORE10,37,2024-12-31
PROD0109,STORE10,68,2024-12-31
PROD0110,STORE10,92,2024-12-31
PROD0111,STORE10,50,2024-12-31
PROD0112,STORE10,62,2024-12-31
PROD0113,STORE10,10,2024-12-31
PROD0114,STORE10,91,2024-12-31
PROD0115,STORE10,60,2024-12-31
PROD0116,STORE10,96,2024-12-31
PROD0117,STORE10,35,2024-12-31
PROD0118,STORE10,76,2024-12-31
PROD0119,STORE10,52,2024-12-31
PROD0120,STORE10,16,2024-12-31
PROD0121,STORE10,58,2024-12-31
PROD0122,STORE10,81,2024-12-31
PROD0123,STORE10,50,2024-12-31
PROD0124,STORE10,95,2024-12-31
PROD0125,STORE10,95,2024-12-31
PROD0126,STORE10,72,2024-12-31
PROD0127,STORE10,37,2024-12-31
PROD0128,STORE10,81,2024-12-31
PROD0129,STORE10,38,2024-12-31
PROD0130,STORE10,44,2024-12-31
PROD0131,STORE10,90,2024-12-31
PROD0132,STORE10,85,2024-12-31
PROD0133,STORE10,13,2024-12-31
PROD0134,STORE10,98,2024-12-31
PROD0135,STORE10,39,2024-12-31
PROD0136,STORE10,16,2024-12-31
PROD0137,STORE10,74,2024-12-31
PROD0138,STORE10,82,2024-12-31
PROD0139,STORE10,100,2024-12-31
PROD0140,STORE10,0,2024-12-31
PROD0141,STORE10,49,2024-12-31
PROD0142,STORE10,2,2024-12-31
PROD0143,STORE10,32,2024-12-31
PROD0144,STORE10,37,2024-12-31
PROD0145,STORE10,79,2024-12-31
PROD0146,STORE10,82,2024-12-31
PROD0147,STORE10,59,2024-12-31
PROD0148,STORE10,40,2024-12-31
PROD0149,STORE10,25,2024-12-31
PROD0150,STORE10,0,2024-12-31
PROD0151,STORE10,88,2024-12-31
PROD0152,STORE10,46,2024-12-31
PROD0153,STORE10,28,2024-12-31
PROD0154,STORE10,7,2024-12-31
PROD0155,STORE10,0,2024-12-31
PROD0156,STORE10,97,2024-12-31
PROD0157,STORE10,49,2024-12-31
PROD0158,STORE10,0,2024-12-31
PROD0159,STORE10,57,2024-12-31
PROD0160,STORE10,9,2024-12-31
PROD0161,STORE10,93,2024-12-31
PROD0162,STORE10,43,2024-12-31
PROD0163,STORE10,55,2024-12-31
PROD0164,STORE10,91,2024-12-31
PROD0165,STORE10,11,2024-12-31
PROD0166,STORE10,18,2024-12-31
PROD0167,STORE10,98,2024-12-31
PROD0168,STORE10,31,2024-12-31
PROD0169,STORE10,28,2024-12-31
PROD0170,STORE10,0,2024-12-31
PROD0171,STORE10,16,2024-12-31
PROD0172,STORE10,23,2024-12-31
PROD0173,STORE10,0,2024-12-31
PROD0174,STORE10,92,2024-12-31
PROD0175,STORE10,64,2024-12-31
PROD0176,STORE10,88,2024-12-31
PROD0177,STORE10,61,2024-12-31
PROD0178,STORE10,10,2024-12-31
PROD0179,STORE10,4,2024-12-31
PROD0180,STORE10,53,2024-12-31
PROD0181,STORE10,0,2024-12-31
PROD0182,STORE10,0,2024-12-31
PROD0183,STORE10,67,2024-12-31
PROD0184,STORE10,2,2024-12-31
PROD0185,STORE10,19,2024-12-31
PROD0186,STORE10,71,2024-12-31
PROD0187,STORE10,24,2024-12-31
PROD0188,STORE10,21,2024-12-31
PROD0189,STORE10,28,2024-12-31
PROD0190,STORE10,97,2024-12-31
PROD0191,STORE10,65,2024-12-31
PROD0192,STORE10,0,2024-12-31
PROD0193,STORE10,3,2024-12-31
PROD0194,STORE10,18,2024-12-31
PROD0195,STORE10,69,2024-12-31
PROD0196,STORE10,83,2024-12-31
PROD0197,STORE10,64,2024-12-31
PROD0198,STORE10,63,2024-12-31
PROD0199,STORE10,0,2024-12-31
PROD0200,STORE10,100,2024-12-31
